d_model,e_layers,learning_rate,batch_size
96,5,0.007093405801534389,115
95,6,0.008217905449200933,114,0.7715582847595215,100
