d_model,e_layers,learning_rate,batch_size
95,6,0.008217905449200933,114,0.7715582847595215,100
30,4,0.0013750896962487524,95,0.4036908745765686,100
